

UPDATE users SET fullname = 'Nguyen Van A', phone = '0901234567', address = '123 Lê Lợi, TP.HCM', email = 'admin@gmail.com' WHERE user_id = 1;


-- Mật khẩu "admin"
INSERT INTO `users` (`user_id`, `fullname`, `email`, `username`, `password`, `phone`, `address`, `status`, `created_at`) VALUES

(2, 'Tran Thi B', 'tranb@example.com', "tranb@example.com", '$2a$10$oA5lMQPcXuecMov6jJij6.EBN9mJJNPlt7sMHlGJkcnriyhNzn6yO', '0912345678', '456 Nguyễn Trãi, Hà Nội', '1','2025-1-01 08:30:00'),
(3, 'Le Van C', 'levanc@example.com', "levanc@example.com", '$2a$10$oA5lMQPcXuecMov6jJij6.EBN9mJJNPlt7sMHlGJkcnriyhNzn6yO', '0932123456', '789 Lý Thường Kiệt, Đà Nẵng', '1','2025-1-01 08:30:00'),
(4, 'Pham Thi D', 'phamd@example.com', "phamd@example.com", '$2a$10$oA5lMQPcXuecMov6jJij6.EBN9mJJNPlt7sMHlGJkcnriyhNzn6yO', '0987654321', '12 Trần Hưng Đạo, Cần Thơ', '1','2025-1-01 08:30:00'),
(5, 'Bui Van E', 'buie@example.com', "buie@example.com", '$2a$10$oA5lMQPcXuecMov6jJij6.EBN9mJJNPlt7sMHlGJkcnriyhNzn6yO', '0909123456', '34 Nguyễn Huệ, Huế', '1','2025-1-01 08:30:00'),
(6, 'Do Thi F', 'dof@example.com', "dof@example.com", '$2a$10$oA5lMQPcXuecMov6jJij6.EBN9mJJNPlt7sMHlGJkcnriyhNzn6yO', '0976543210', '56 Phan Chu Trinh, Vũng Tàu', '1','2025-1-01 08:30:00'),
(7, 'Nguyen Van G', 'nguyeng@example.com', "nguyeng@example.com", '$2a$10$oA5lMQPcXuecMov6jJij6.EBN9mJJNPlt7sMHlGJkcnriyhNzn6yO', '0911122233', '78 Hai Bà Trưng, Hà Nội', '1','2025-1-01 08:30:00'),
(8, 'Tran Van H', 'tranh@example.com', "tranh@example.com", '$2a$10$oA5lMQPcXuecMov6jJij6.EBN9mJJNPlt7sMHlGJkcnriyhNzn6yO', '0945678901', '90 Lý Tự Trọng, TP.HCM', '1','2025-1-01 08:30:00'),
(9, 'Vo Thi I', 'voi@example.com', "voi@example.com", '$2a$10$oA5lMQPcXuecMov6jJij6.EBN9mJJNPlt7sMHlGJkcnriyhNzn6yO', '0923456789', '101 Bạch Đằng, Đà Nẵng', '1','2025-1-01 08:30:00'),
(10, 'Pham Van J', 'phamj@example.com', "phamj@example.com", '$2a$10$oA5lMQPcXuecMov6jJij6.EBN9mJJNPlt7sMHlGJkcnriyhNzn6yO', '0906789123', '112 Hùng Vương, Cần Thơ', '1','2025-1-01 08:30:00'),
(11, 'Le Thi K', 'lek@example.com', "lek@example.com", '$2a$10$oA5lMQPcXuecMov6jJij6.EBN9mJJNPlt7sMHlGJkcnriyhNzn6yO', '0977123456', '23 Điện Biên Phủ, Huế', '1','2025-1-01 08:30:00');

INSERT INTO user_roles (user_id, role)
VALUES
(2, 'CUSTOMER'),
(3, 'CUSTOMER'),
(4, 'CUSTOMER'),
(5, 'CUSTOMER'),
(6, 'CUSTOMER'),
(7, 'CUSTOMER'),
(8, 'CUSTOMER'),
(9, 'CUSTOMER'),
(10, 'CUSTOMER'),
(11, 'CUSTOMER');

INSERT INTO vehicles (id, brand, model, color, plate_number, vehicle_type, user_id, created_at, updated_at, status)
VALUES
(1, 'Toyota', 'Vios', 'Red', '33A-12345', 'CAR', 11, '2025-01-01 08:30:00', '2025-01-01 08:30:00', 'ACTIVE'),
(2, 'Hyundai', 'Accent', 'White', '43A-67890', 'CAR', 2, '2025-01-02 09:10:00', '2025-01-02 09:10:00', 'ACTIVE'),
(3, 'Ford', 'Ranger', 'Blue', '51C-24680', 'TRUCK', 3, '2025-01-03 10:05:00', '2025-01-03 10:05:00', 'ACTIVE'),
(4, 'Kia', 'Morning', 'Black', '65A-11223', 'CAR', 4, '2025-01-04 11:15:00', '2025-01-04 11:15:00', 'ACTIVE'),
(5, 'Isuzu', 'D-Max', 'Silver', '75C-33445', 'TRUCK', 5, '2025-01-05 12:20:00', '2025-01-05 12:20:00', 'ACTIVE'),
(6, 'Mazda', '3', 'Gray', '29A-55667', 'CAR', 7, '2025-01-06 08:40:00', '2025-01-06 08:40:00', 'ACTIVE'),
(7, 'Honda', 'City', 'White', '60A-77889', 'CAR', 8, '2025-01-07 09:50:00', '2025-01-07 09:50:00', 'ACTIVE'),
(8, 'Suzuki', 'Carry', 'Blue', '36C-99001', 'TRUCK', 9, '2025-01-08 10:30:00', '2025-01-08 10:30:00', 'ACTIVE'),
(9, 'VinFast', 'Lux A2.0', 'Black', '30G-11234', 'CAR', 10, '2025-01-09 11:10:00', '2025-01-09 11:10:00', 'ACTIVE'),
(10, 'Toyota', 'Fortuner', 'Brown', '50A-22334', 'CAR', 6, '2025-01-10 12:10:00', '2025-01-10 12:10:00', 'ACTIVE');



INSERT INTO stations (id, name, code, address, latitude, longitude, status, created_at) VALUES
(1, 'Trạm thu phí Pháp Vân - Cầu Giẽ', 'PV-CG', 'Hà Nội',       20.91234, 105.85567, 'ACTIVE',      '2024-12-28 09:00:00'),
(2, 'Trạm thu phí Long Thành - Dầu Giây', 'LT-DG', 'Đồng Nai', 10.77345, 107.12345, 'ACTIVE',      '2024-12-29 09:00:00'),
(3, 'Trạm thu phí Trung Lương', 'TL', 'Tiền Giang',            10.39765, 106.34567, 'ACTIVE',      '2024-12-30 09:00:00'),
(4, 'Trạm thu phí Cam Lộ - La Sơn', 'CL-LS', 'Thừa Thiên Huế', 16.25012, 107.23001, 'MAINTENANCE', '2024-12-31 09:00:00'),
(5, 'Trạm thu phí Cầu Rạch Miễu', 'CRM', 'Bến Tre',             10.22567, 106.34555, 'ACTIVE',      '2025-01-01 09:00:00'),
(6, 'Trạm thu phí Cầu Mỹ Thuận', 'CMT', 'Vĩnh Long',            10.21212, 105.65432, 'INACTIVE',    '2025-01-02 09:00:00'),
(7, 'Trạm thu phí Bắc Giang - Lạng Sơn', 'BG-LS', 'Bắc Giang',  21.28567, 106.22555, 'ACTIVE',      '2025-01-03 09:00:00'),
(8, 'Trạm thu phí Cầu Cần Thơ', 'CCT', 'Cần Thơ',               10.04567, 105.77432, 'ACTIVE',      '2025-01-04 09:00:00'),
(9, 'Trạm thu phí Cao tốc Hà Nội - Hải Phòng', 'HN-HP', 'Hải Phòng', 20.87999, 106.67890, 'ACTIVE', '2025-01-05 09:00:00'),
(10,'Trạm thu phí Tân Đệ', 'TD', 'Thái Bình',                   20.49567, 106.35555, 'INACTIVE',    '2025-01-06 09:00:00');


INSERT INTO rfid_readers (id, reader_uid, description, is_active, created_at, last_heartbeat, station_id) VALUES
-- Station 1 (PV-CG)
(1,  'RDR001', 'Reader làn 1 PV-CG', 1, '2024-12-29 09:00:00', '2024-12-29 11:00:00', 1),
(2,  'RDR002', 'Reader làn 2 PV-CG', 1, '2024-12-29 09:05:00', '2024-12-29 11:05:00', 1),

-- Station 2 (LT-DG)
(3,  'RDR003', 'Reader làn 1 LT-DG', 1, '2024-12-30 09:00:00', '2024-12-30 11:00:00', 2),
(4,  'RDR004', 'Reader làn 2 LT-DG', 1, '2024-12-30 09:05:00', '2024-12-30 11:05:00', 2),

-- Station 3 (TL)
(5,  'RDR005', 'Reader làn 1 TL',    1, '2024-12-31 09:00:00', '2024-12-31 11:00:00', 3),
(6,  'RDR006', 'Reader làn 2 TL',    1, '2024-12-31 09:05:00', '2024-12-31 11:05:00', 3),

-- Station 4 (CL-LS)
(7,  'RDR007', 'Reader làn 1 CL-LS', 1, '2025-01-01 09:00:00', '2025-01-01 11:00:00', 4),
(8,  'RDR008', 'Reader làn 2 CL-LS', 1, '2025-01-01 09:05:00', '2025-01-01 11:05:00', 4),

-- Station 5 (CRM)
(9,  'RDR009',  'Reader làn 1 CRM',  1, '2025-01-02 09:00:00', '2025-01-02 11:00:00', 5),
(10, 'RDR010',  'Reader làn 2 CRM',  1, '2025-01-02 09:05:00', '2025-01-02 11:05:00', 5),

-- Station 6 (CMT)
(11, 'RDR011', 'Reader làn 1 CMT',   1, '2025-01-03 09:00:00', '2025-01-03 11:00:00', 6),
(12, 'RDR012', 'Reader làn 2 CMT',   1, '2025-01-03 09:05:00', '2025-01-03 11:05:00', 6),

-- Station 7 (BG-LS)
(13, 'RDR013', 'Reader làn 1 BG-LS', 1, '2025-01-04 09:00:00', '2025-01-04 11:00:00', 7),
(14, 'RDR014', 'Reader làn 2 BG-LS', 1, '2025-01-04 09:05:00', '2025-01-04 11:05:00', 7),

-- Station 8 (CCT)
(15, 'RDR015', 'Reader làn 1 CCT',   1, '2025-01-05 09:00:00', '2025-01-05 11:00:00', 8),
(16, 'RDR016', 'Reader làn 2 CCT',   1, '2025-01-05 09:05:00', '2025-01-05 11:05:00', 8),

-- Station 9 (HN-HP)
(17, 'RDR017', 'Reader làn 1 HN-HP', 1, '2025-01-06 09:00:00', '2025-01-06 11:00:00', 9),
(18, 'RDR018', 'Reader làn 2 HN-HP', 1, '2025-01-06 09:05:00', '2025-01-06 11:05:00', 9),

-- Station 10 (TD)
(19, 'RDR019', 'Reader làn 1 Tân Đệ', 1, '2025-01-07 09:00:00', '2025-01-07 11:00:00', 10),
(20, 'RDR020', 'Reader làn 2 Tân Đệ', 1, '2025-01-07 09:05:00', '2025-01-07 11:05:00', 10);


INSERT INTO rfid_tags 
(id, issued_at, vehicle_id, tag_uid, status, last_passage_station_id, last_successful_passage)
VALUES
(1,  '2025-01-01 08:33:00', 1,  '2891726086', 'ACTIVE', 1,  '2025-01-03 14:20:00'),
(2,  '2025-01-02 09:14:00', 2,  '60689670', 'ACTIVE', 3,  '2025-01-04 10:15:00'),
(3,  '2025-01-03 10:08:00', 3,  '2891726103', 'ACTIVE', 2,  '2025-01-06 09:40:00'),
(4,  '2025-01-04 11:18:00', 4,  '2891726104', 'ACTIVE', 5,  '2025-01-06 11:10:00'),
(5,  '2025-01-05 12:23:00', 5,  '2891726105', 'ACTIVE', 4,  '2025-01-08 16:55:00'),
(6,  '2025-01-06 08:44:00', 6,  '2891726106', 'ACTIVE', 7,  '2025-01-09 13:27:00'),
(7,  '2025-01-07 09:54:00', 7,  '2891726107', 'ACTIVE', 8,  '2025-01-10 15:41:00'),
(8,  '2025-01-08 10:34:00', 8,  '2891726108', 'ACTIVE', 9,  '2025-01-11 11:31:00'),
(9,  '2025-01-09 11:14:00', 9,  '2891726109', 'ACTIVE', 6,  '2025-01-12 18:20:00'),
(10, '2025-01-10 12:14:00', 10, '2891726110', 'ACTIVE', 10, '2025-01-13 14:05:00');



-- ============================================
-- 30 VEHICLES (id: 11 → 40)
-- ============================================
INSERT INTO `vehicles` 
(`id`, `brand`, `color`, `created_at`, `model`, `plate_number`, `updated_at`, `vehicle_type`, `user_id`, `status`) VALUES
(11, 'Honda',    'White', '2025-01-01 08:00:00', 'Civic',    '30B-20111', '2025-03-05 12:00:00', 'CAR', 3, 'ACTIVE'),
(12, 'Toyota',   'Black', '2025-01-02 09:10:00', 'Camry',    '30B-20112', '2025-03-05 12:00:00', 'CAR', 3, 'ACTIVE'),
(13, 'Ford',     'Blue',  '2025-01-03 10:20:00', 'Ranger',   '30B-20113', '2025-03-05 12:00:00', 'TRUCK',4, 'ACTIVE'),
(14, 'Kia',      'Red',   '2025-01-04 11:30:00', 'Morning',  '30B-20114', '2025-03-05 12:00:00', 'CAR', 4, 'ACTIVE'),
(15, 'Mazda',    'Grey',  '2025-01-05 12:40:00', '3',        '30B-20115', '2025-03-05 12:00:00', 'CAR', 4, 'ACTIVE'),
(16, 'Hyundai',  'White', '2025-01-06 13:50:00', 'Elantra',  '30B-20116', '2025-03-05 12:00:00', 'CAR', 5, 'ACTIVE'),
(17, 'Mitsubishi','Black','2025-01-07 14:00:00', 'Triton',   '30B-20117', '2025-03-05 12:00:00', 'TRUCK',5, 'ACTIVE'),
(18, 'Suzuki',   'Green', '2025-01-08 15:10:00', 'Swift',    '30B-20118', '2025-03-05 12:00:00', 'CAR', 5, 'ACTIVE'),
(19, 'VinFast',  'Blue',  '2025-01-09 16:20:00', 'VF e34',   '30B-20119', '2025-03-05 12:00:00', 'CAR', 3, 'ACTIVE'),
(20, 'Toyota',   'Silver','2025-01-10 17:30:00', 'Innova',   '30B-20120', '2025-03-05 12:00:00', 'CAR', 3, 'ACTIVE'),
(21, 'Honda',    'Black', '2025-01-11 08:05:00', 'CR-V',     '30B-20121', '2025-03-05 12:00:00', 'CAR', 3, 'ACTIVE'),
(22, 'Ford',     'White', '2025-01-12 09:15:00', 'Transit',  '30B-20122', '2025-03-05 12:00:00', 'TRUCK',4, 'ACTIVE'),
(23, 'Kia',      'Yellow','2025-01-13 10:25:00', 'Sorento',  '30B-20123', '2025-03-05 12:00:00', 'CAR', 4, 'ACTIVE'),
(24, 'Mazda',    'Red',   '2025-01-14 11:35:00', 'CX-5',     '30B-20124', '2025-03-05 12:00:00', 'CAR', 4, 'ACTIVE'),
(25, 'Hyundai',  'Blue',  '2025-01-15 12:45:00', 'SantaFe',  '30B-20125', '2025-03-05 12:00:00', 'CAR', 5, 'ACTIVE'),
(26, 'Mitsubishi','Grey', '2025-01-16 13:55:00', 'Xpander',  '30B-20126', '2025-03-05 12:00:00', 'CAR', 5, 'ACTIVE'),
(27, 'Suzuki',   'White', '2025-01-17 14:05:00', 'Ertiga',   '30B-20127', '2025-03-05 12:00:00', 'CAR', 5, 'ACTIVE'),
(28, 'VinFast',  'Black', '2025-01-18 15:15:00', 'VF 8',     '30B-20128', '2025-03-05 12:00:00', 'CAR', 3, 'ACTIVE'),
(29, 'Toyota',   'Blue',  '2025-01-19 16:25:00', 'Fortuner', '30B-20129', '2025-03-05 12:00:00', 'CAR', 3, 'ACTIVE'),
(30, 'Honda',    'Green', '2025-01-20 17:35:00', 'Accord',   '30B-20130', '2025-03-05 12:00:00', 'CAR', 3, 'ACTIVE'),
(31, 'Ford',     'Red',   '2025-01-21 08:45:00', 'F-150',    '30B-20131', '2025-03-05 12:00:00', 'TRUCK',4, 'ACTIVE'),
(32, 'Kia',      'White', '2025-01-22 09:55:00', 'K5',       '30B-20132', '2025-03-05 12:00:00', 'CAR', 4, 'ACTIVE'),
(33, 'Mazda',    'Black', '2025-01-23 11:05:00', 'CX-3',     '30B-20133', '2025-03-05 12:00:00', 'CAR', 4, 'ACTIVE'),
(34, 'Hyundai',  'Silver','2025-01-24 12:15:00', 'Palisade', '30B-20134', '2025-03-05 12:00:00', 'CAR', 5, 'ACTIVE'),
(35, 'Mitsubishi','Blue', '2025-01-25 13:25:00', 'Pajero',   '30B-20135', '2025-03-05 12:00:00', 'TRUCK',5, 'ACTIVE'),
(36, 'Suzuki',   'Red',   '2025-01-26 14:35:00', 'Ciaz',     '30B-20136', '2025-03-05 12:00:00', 'CAR', 5, 'ACTIVE'),
(37, 'VinFast',  'Green', '2025-01-27 15:45:00', 'VF 3',     '30B-20137', '2025-03-05 12:00:00', 'CAR', 3, 'ACTIVE'),
(38, 'Toyota',   'Brown', '2025-01-28 16:55:00', 'Yaris',    '30B-20138', '2025-03-05 12:00:00', 'CAR', 3, 'ACTIVE'),
(39, 'Honda',    'Orange','2025-01-29 17:05:00', 'BR-V',     '30B-20139', '2025-03-05 12:00:00', 'CAR', 3, 'ACTIVE'),
(40, 'Ford',     'Purple','2025-01-30 08:15:00', 'Courier',  '30B-20140', '2025-03-05 12:00:00', 'TRUCK',4, 'ACTIVE');

-- ============================================
-- 30 RFID TAGS (id: 11 → 40)
-- Each tag linked to the corresponding vehicle_id
-- ============================================
INSERT INTO rfid_tags 
(id, issued_at, vehicle_id, tag_uid, status, last_passage_station_id, last_successful_passage)
VALUES
(11, '2025-01-01 08:03:00', 11, '2891726201', 'ACTIVE', 3,  '2025-01-05 10:20:00'),
(12, '2025-01-02 09:13:00', 12, '2891726202', 'ACTIVE', 1,  '2025-01-06 11:30:00'),
(13, '2025-01-03 10:23:00', 13, '2891726203', 'ACTIVE', 4,  '2025-01-10 12:45:00'),
(14, '2025-01-04 11:33:00', 14, '2891726204', 'ACTIVE', 2,  '2025-01-09 09:15:00'),
(15, '2025-01-05 12:43:00', 15, '2891726205', 'ACTIVE', 7,  '2025-01-12 14:05:00'),
(16, '2025-01-06 13:53:00', 16, '2891726206', 'ACTIVE', 5,  '2025-01-15 08:20:00'),
(17, '2025-01-07 14:03:00', 17, '2891726207', 'ACTIVE', 9,  '2025-01-13 16:00:00'),
(18, '2025-01-08 15:13:00', 18, '2891726208', 'ACTIVE', 10, '2025-01-18 17:45:00'),
(19, '2025-01-09 16:23:00', 19, '2891726209', 'ACTIVE', 6,  '2025-01-20 09:10:00'),
(20, '2025-01-10 17:33:00', 20, '2891726210', 'ACTIVE', 8,  '2025-01-19 11:55:00'),

(21, '2025-01-11 08:08:00', 21, '2891726211', 'ACTIVE', 3,  '2025-01-14 10:30:00'),
(22, '2025-01-12 09:18:00', 22, '2891726212', 'ACTIVE', 4,  '2025-01-16 12:40:00'),
(23, '2025-01-13 10:28:00', 23, '2891726213', 'ACTIVE', 2,  '2025-01-17 15:00:00'),
(24, '2025-01-14 11:38:00', 24, '2891726214', 'ACTIVE', 10, '2025-01-20 17:20:00'),
(25, '2025-01-15 12:48:00', 25, '2891726215', 'ACTIVE', 5,  '2025-01-23 08:50:00'),
(26, '2025-01-16 13:58:00', 26, '2891726216', 'ACTIVE', 9,  '2025-01-24 14:35:00'),
(27, '2025-01-17 14:08:00', 27, '2891726217', 'ACTIVE', 1,  '2025-01-22 11:22:00'),
(28, '2025-01-18 15:18:00', 28, '2891726218', 'ACTIVE', 7,  '2025-01-26 16:40:00'),
(29, '2025-01-19 16:28:00', 29, '2891726219', 'ACTIVE', 6,  '2025-01-29 13:05:00'),
(30, '2025-01-20 17:38:00', 30, '2891726220', 'ACTIVE', 8,  '2025-01-30 10:18:00'),

(31, '2025-01-21 08:48:00', 31, '2891726221', 'ACTIVE', 3,  '2025-01-28 11:30:00'),
(32, '2025-01-22 09:58:00', 32, '2891726222', 'ACTIVE', 4,  '2025-01-27 15:45:00'),
(33, '2025-01-23 11:08:00', 33, '2891726223', 'ACTIVE', 2,  '2025-01-29 16:55:00'),
(34, '2025-01-24 12:18:00', 34, '2891726224', 'ACTIVE', 10, '2025-01-30 18:20:00'),
(35, '2025-01-25 13:28:00', 35, '2891726225', 'ACTIVE', 9,  '2025-01-02 08:15:00'),
(36, '2025-01-26 14:38:00', 36, '2891726226', 'ACTIVE', 6,  '2025-01-03 10:10:00'),
(37, '2025-01-27 15:48:00', 37, '2891726227', 'ACTIVE', 7,  '2025-01-05 12:55:00'),
(38, '2025-01-28 16:58:00', 38, '2891726228', 'ACTIVE', 1,  '2025-01-06 14:45:00'),
(39, '2025-01-29 17:08:00', 39, '2891726229', 'ACTIVE', 5,  '2025-01-08 15:21:00'),
(40, '2025-01-30 08:18:00', 40, '2891726230', 'ACTIVE', 8,  '2025-01-09 16:35:00');

INSERT INTO tag_reads (id, reader_id, tag_uid, read_time, process_result, processed) VALUES
(1,  3, '2891726086', '2025-01-01 09:00:00', 'SUCCESS', 1),
(2, 12, '2891726086', '2025-01-03 10:20:00', 'SUCCESS', 1),

(3,  5, '60689670',   '2025-01-02 09:40:00', 'SUCCESS', 1),
(4, 10, '60689670',   '2025-01-04 11:10:00', 'SUCCESS', 1),

(5,  7, '2891726103', '2025-01-03 10:25:00', 'SUCCESS', 1),
(6, 19, '2891726103', '2025-01-06 10:40:00', 'SUCCESS', 1),

(7,  8, '2891726104', '2025-01-04 11:40:00', 'SUCCESS', 1),
(8,  2, '2891726104', '2025-01-06 13:25:00', 'SUCCESS', 1),

(9,  9, '2891726105', '2025-01-05 12:45:00', 'SUCCESS', 1),
(10, 15, '2891726105', '2025-01-08 17:10:00', 'SUCCESS', 1),

(11, 16, '2891726106', '2025-01-06 09:10:00', 'SUCCESS', 1),
(12,  6, '2891726106', '2025-01-09 14:00:00', 'SUCCESS', 1),

(13, 13, '2891726107', '2025-01-07 10:15:00', 'SUCCESS', 1),
(14,  1, '2891726107', '2025-01-10 16:00:00', 'SUCCESS', 1),

(15, 14, '2891726108', '2025-01-08 11:00:00', 'SUCCESS', 1),
(16,  8, '2891726108', '2025-01-11 12:10:00', 'SUCCESS', 1),

(17, 20, '2891726109', '2025-01-09 11:40:00', 'SUCCESS', 1),
(18,  4, '2891726109', '2025-01-12 18:45:00', 'SUCCESS', 1),

(19, 11, '2891726110', '2025-01-10 12:40:00', 'SUCCESS', 1),
(20,  9, '2891726110', '2025-01-13 14:30:00', 'SUCCESS', 1);
INSERT INTO tag_reads (id, reader_id, tag_uid, read_time, process_result, processed) VALUES
(21,  5, '2891726201', '2025-01-01 08:20:00', 'SUCCESS', 1),
(22, 15, '2891726201', '2025-01-05 10:40:00', 'SUCCESS', 1),

(23, 12, '2891726202', '2025-01-02 09:30:00', 'SUCCESS', 1),
(24,  1, '2891726202', '2025-01-06 11:50:00', 'SUCCESS', 1),

(25,  8, '2891726203', '2025-01-03 10:40:00', 'SUCCESS', 1),
(26, 14, '2891726203', '2025-01-10 13:00:00', 'SUCCESS', 1),

(27,  6, '2891726204', '2025-01-04 11:50:00', 'SUCCESS', 1),
(28,  2, '2891726204', '2025-01-09 09:30:00', 'SUCCESS', 1),

(29, 17, '2891726205', '2025-01-05 13:05:00', 'SUCCESS', 1),
(30, 10, '2891726205', '2025-01-12 14:25:00', 'SUCCESS', 1),

(31,  3, '2891726206', '2025-01-06 14:10:00', 'SUCCESS', 1),
(32, 11, '2891726206', '2025-01-15 08:40:00', 'SUCCESS', 1),

(33, 19, '2891726207', '2025-01-07 14:20:00', 'SUCCESS', 1),
(34, 16, '2891726207', '2025-01-13 16:20:00', 'SUCCESS', 1),

(35,  7, '2891726208', '2025-01-08 15:30:00', 'SUCCESS', 1),
(36, 18, '2891726208', '2025-01-18 18:00:00', 'SUCCESS', 1),

(37, 13, '2891726209', '2025-01-09 16:35:00', 'SUCCESS', 1),
(38,  4, '2891726209', '2025-01-20 10:00:00', 'SUCCESS', 1),

(39, 15, '2891726210', '2025-01-10 17:45:00', 'SUCCESS', 1),
(40,  9, '2891726210', '2025-01-19 12:10:00', 'SUCCESS', 1),

(41,  6, '2891726211', '2025-01-11 08:20:00', 'SUCCESS', 1),
(42,  3, '2891726211', '2025-01-14 10:50:00', 'SUCCESS', 1),

(43, 10, '2891726212', '2025-01-12 09:35:00', 'SUCCESS', 1),
(44, 18, '2891726212', '2025-01-16 12:55:00', 'SUCCESS', 1),

(45,  5, '2891726213', '2025-01-13 10:45:00', 'SUCCESS', 1),
(46,  7, '2891726213', '2025-01-17 15:20:00', 'SUCCESS', 1),

(47, 14, '2891726214', '2025-01-14 11:55:00', 'SUCCESS', 1),
(48, 19, '2891726214', '2025-01-20 17:45:00', 'SUCCESS', 1),

(49, 12, '2891726215', '2025-01-15 13:05:00', 'SUCCESS', 1),
(50,  1, '2891726215', '2025-01-23 09:10:00', 'SUCCESS', 1),

(51, 17, '2891726216', '2025-01-16 14:10:00', 'SUCCESS', 1),
(52,  8, '2891726216', '2025-01-24 14:50:00', 'SUCCESS', 1),

(53, 20, '2891726217', '2025-01-17 14:20:00', 'SUCCESS', 1),
(54, 13, '2891726217', '2025-01-22 11:40:00', 'SUCCESS', 1),

(55, 10, '2891726218', '2025-01-18 15:28:00', 'SUCCESS', 1),
(56,  5, '2891726218', '2025-01-26 16:55:00', 'SUCCESS', 1),

(57, 16, '2891726219', '2025-01-19 16:40:00', 'SUCCESS', 1),
(58,  9, '2891726219', '2025-01-29 13:20:00', 'SUCCESS', 1),

(59,  4, '2891726220', '2025-01-20 17:45:00', 'SUCCESS', 1),
(60, 15, '2891726220', '2025-01-30 10:35:00', 'SUCCESS', 1),

(61,  7, '2891726221', '2025-01-21 09:00:00', 'SUCCESS', 1),
(62, 19, '2891726221', '2025-01-28 11:40:00', 'SUCCESS', 1),

(63, 11, '2891726222', '2025-01-22 10:10:00', 'SUCCESS', 1),
(64, 17, '2891726222', '2025-01-27 15:55:00', 'SUCCESS', 1),

(65, 14, '2891726223', '2025-01-23 11:25:00', 'SUCCESS', 1),
(66,  6, '2891726223', '2025-01-29 17:10:00', 'SUCCESS', 1),

(67,  1, '2891726224', '2025-01-24 12:25:00', 'SUCCESS', 1),
(68,  3, '2891726224', '2025-01-30 18:45:00', 'SUCCESS', 1),

(69,  5, '2891726225', '2025-01-25 13:35:00', 'SUCCESS', 1),
(70, 12, '2891726225', '2025-01-02 08:25:00', 'SUCCESS', 1),

(71,  8, '2891726226', '2025-01-26 14:45:00', 'SUCCESS', 1),
(72, 16, '2891726226', '2025-01-03 10:25:00', 'SUCCESS', 1),

(73,  7, '2891726227', '2025-01-27 15:55:00', 'SUCCESS', 1),
(74, 18, '2891726227', '2025-01-05 13:05:00', 'SUCCESS', 1),

(75,  9, '2891726228', '2025-01-28 17:05:00', 'SUCCESS', 1),
(76,  4, '2891726228', '2025-01-06 14:55:00', 'SUCCESS', 1),

(77, 13, '2891726229', '2025-01-29 17:20:00', 'SUCCESS', 1),
(78, 20, '2891726229', '2025-01-08 15:35:00', 'SUCCESS', 1),

(79, 10, '2891726230', '2025-01-30 08:40:00', 'SUCCESS', 1),
(80,  2, '2891726230', '2025-01-09 16:50:00', 'SUCCESS', 1);




INSERT INTO toll_transactions
(id, vehicle_id, rfid_tag_id, station_id, reader_id, fee, status, note, created_at)
VALUES 
(1, 1, 1, 2, 3, 35000, 'SUCCESS', 'Auto toll deduction', '2025-01-01 09:00:00'),
(2, 1, 1, 6, 12, 35000, 'SUCCESS', 'Auto toll deduction', '2025-01-03 10:20:00'),

(3, 2, 2, 3, 5, 35000, 'SUCCESS', 'Auto toll deduction', '2025-01-02 09:40:00'),
(4, 2, 2, 5, 10, 35000, 'FAILED_BALANCE', 'Insufficient balance', '2025-01-04 11:10:00'),

(5, 3, 3, 4, 7, 50000, 'SUCCESS', 'Auto toll deduction', '2025-01-03 10:25:00'),
(6, 3, 3, 10, 19, 50000, 'SUCCESS', 'Auto toll deduction', '2025-01-06 10:40:00'),

(7, 4, 4, 4, 8, 35000, 'SUCCESS', 'Auto toll deduction', '2025-01-04 11:40:00'),
(8, 4, 4, 1, 2, 35000, 'SUCCESS', 'Auto toll deduction', '2025-01-06 13:25:00'),

(9, 5, 5, 5, 9, 50000, 'SUCCESS', 'Auto toll deduction', '2025-01-05 12:45:00'),
(10, 5, 5, 8, 15, 50000, 'SUCCESS', 'Auto toll deduction', '2025-01-08 17:10:00'),

(11, 6, 6, 8, 16, 35000, 'SUCCESS', 'Auto toll deduction', '2025-01-06 09:10:00'),
(12, 6, 6, 3, 6, 35000, 'SUCCESS', 'Auto toll deduction', '2025-01-09 14:00:00'),

(13, 7, 7, 7, 13, 35000, 'SUCCESS', 'Auto toll deduction', '2025-01-07 10:15:00'),
(14, 7, 7, 1, 1, 35000, 'FAILED_BALANCE', 'Insufficient balance', '2025-01-10 16:00:00'),

(15, 8, 8, 7, 14, 50000, 'SUCCESS', 'Auto toll deduction', '2025-01-08 11:00:00'),
(16, 8, 8, 4, 8, 50000, 'SUCCESS', 'Auto toll deduction', '2025-01-11 12:10:00'),

(17, 9, 9, 10, 20, 35000, 'SUCCESS', 'Auto toll deduction', '2025-01-09 11:40:00'),
(18, 9, 9, 2, 4, 35000, 'SUCCESS', 'Auto toll deduction', '2025-01-12 18:45:00'),

(19, 10, 10, 6, 11, 35000, 'SUCCESS', 'Auto toll deduction', '2025-01-10 12:40:00'),
(20, 10, 10, 5, 9, 35000, 'SUCCESS', 'Auto toll deduction', '2025-01-13 14:30:00');

INSERT INTO toll_transactions
(id, vehicle_id, rfid_tag_id, station_id, reader_id, fee, status, note, created_at)
VALUES
(21, 11, 11, 3, 5, 35000, 'SUCCESS', 'Auto toll deduction', '2025-02-01 08:20:00'),
(22, 11, 11, 8, 15, 35000, 'SUCCESS', 'Auto toll deduction', '2025-02-05 10:40:00'),

(23, 12, 12, 6, 12, 35000, 'SUCCESS', 'Auto toll deduction', '2025-02-02 09:30:00'),
(24, 12, 12, 1, 1, 35000, 'FAILED_BALANCE', 'Insufficient balance', '2025-02-06 11:50:00'),

(25, 13, 13, 4, 8, 50000, 'SUCCESS', 'Auto toll deduction', '2025-02-03 10:40:00'),
(26, 13, 13, 7, 14, 50000, 'SUCCESS', 'Auto toll deduction', '2025-02-10 13:00:00'),

(27, 14, 14, 3, 6, 35000, 'SUCCESS', 'Auto toll deduction', '2025-02-04 11:50:00'),
(28, 14, 14, 1, 2, 35000, 'SUCCESS', 'Auto toll deduction', '2025-02-09 09:30:00'),

(29, 15, 15, 9, 17, 35000, 'SUCCESS', 'Auto toll deduction', '2025-02-05 13:05:00'),
(30, 15, 15, 5, 10, 35000, 'SUCCESS', 'Auto toll deduction', '2025-02-12 14:25:00'),

(31, 16, 16, 2, 3, 35000, 'SUCCESS', 'Auto toll deduction', '2025-02-06 14:10:00'),
(32, 16, 16, 6, 11, 35000, 'SUCCESS', 'Auto toll deduction', '2025-02-15 08:40:00'),

(33, 17, 17, 10, 19, 50000, 'SUCCESS', 'Auto toll deduction', '2025-02-07 14:20:00'),
(34, 17, 17, 8, 16, 50000, 'SUCCESS', 'Auto toll deduction', '2025-02-13 16:20:00'),

(35, 18, 18, 4, 7, 35000, 'SUCCESS', 'Auto toll deduction', '2025-02-08 15:30:00'),
(36, 18, 18, 10, 18, 35000, 'SUCCESS', 'Auto toll deduction', '2025-02-18 18:00:00'),

(37, 19, 19, 7, 13, 35000, 'SUCCESS', 'Auto toll deduction', '2025-02-09 16:35:00'),
(38, 19, 19, 2, 4, 35000, 'SUCCESS', 'Auto toll deduction', '2025-02-20 10:00:00'),

(39, 20, 20, 8, 15, 35000, 'SUCCESS', 'Auto toll deduction', '2025-02-10 17:45:00'),
(40, 20, 20, 5, 9, 35000, 'FAILED_BALANCE', 'Insufficient balance', '2025-02-19 12:10:00'),

(41, 21, 21, 4, 6, 35000, 'SUCCESS', 'Auto toll deduction', '2025-03-11 08:20:00'),
(42, 21, 21, 2, 3, 35000, 'SUCCESS', 'Auto toll deduction', '2025-03-14 10:50:00'),

(43, 22, 22, 5, 10, 50000, 'SUCCESS', 'Auto toll deduction', '2025-03-12 09:35:00'),
(44, 22, 22, 9, 18, 50000, 'SUCCESS', 'Auto toll deduction', '2025-03-16 12:55:00'),

(45, 23, 23, 3, 5, 35000, 'SUCCESS', 'Auto toll deduction', '2025-03-13 10:45:00'),
(46, 23, 23, 4, 7, 35000, 'FAILED_BALANCE', 'Insufficient balance', '2025-03-17 15:20:00'),

(47, 24, 24, 7, 14, 35000, 'SUCCESS', 'Auto toll deduction', '2025-03-14 11:55:00'),
(48, 24, 24, 10, 19, 35000, 'SUCCESS', 'Auto toll deduction', '2025-03-20 17:45:00'),

(49, 25, 25, 6, 12, 50000, 'SUCCESS', 'Auto toll deduction', '2025-03-15 13:05:00'),
(50, 25, 25, 1, 1, 50000, 'SUCCESS', 'Auto toll deduction', '2025-03-23 09:10:00'),

(51, 26, 26, 9, 17, 35000, 'SUCCESS', 'Auto toll deduction', '2025-03-16 14:10:00'),
(52, 26, 26, 4, 8, 35000, 'SUCCESS', 'Auto toll deduction', '2025-03-24 14:50:00'),

(53, 27, 27, 10, 20, 35000, 'SUCCESS', 'Auto toll deduction', '2025-04-17 14:20:00'),
(54, 27, 27, 7, 13, 35000, 'SUCCESS', 'Auto toll deduction', '2025-04-22 11:40:00'),

(55, 28, 28, 5, 10, 35000, 'SUCCESS', 'Auto toll deduction', '2025-04-18 15:28:00'),
(56, 28, 28, 8, 15, 35000, 'SUCCESS', 'Auto toll deduction', '2025-04-26 16:55:00'),

(57, 29, 29, 8, 16, 35000, 'SUCCESS', 'Auto toll deduction', '2025-04-19 16:40:00'),
(58, 29, 29, 5, 9, 35000, 'SUCCESS', 'Auto toll deduction', '2025-04-29 13:20:00'),

(59, 30, 30, 2, 4, 35000, 'SUCCESS', 'Auto toll deduction', '2025-04-20 17:45:00'),
(60, 30, 30, 8, 15, 35000, 'SUCCESS', 'Auto toll deduction', '2025-04-30 10:35:00'),

(61, 31, 31, 4, 7, 50000, 'SUCCESS', 'Auto toll deduction', '2025-04-21 09:00:00'),
(62, 31, 31, 10, 19, 50000, 'SUCCESS', 'Auto toll deduction', '2025-04-28 11:40:00'),

(63, 32, 32, 6, 11, 35000, 'SUCCESS', 'Auto toll deduction', '2025-04-22 10:10:00'),
(64, 32, 32, 9, 17, 35000, 'SUCCESS', 'Auto toll deduction', '2025-04-27 15:55:00'),

(65, 33, 33, 7, 14, 35000, 'SUCCESS', 'Auto toll deduction', '2025-04-23 11:25:00'),
(66, 33, 33, 3, 6, 35000, 'SUCCESS', 'Auto toll deduction', '2025-04-29 17:10:00'),

(67, 34, 34, 1, 1, 35000, 'SUCCESS', 'Auto toll deduction', '2025-04-24 12:25:00'),
(68, 34, 34, 2, 3, 35000, 'SUCCESS', 'Auto toll deduction', '2025-04-30 18:45:00'),

(69, 35, 35, 3, 5, 50000, 'SUCCESS', 'Auto toll deduction', '2025-04-25 13:35:00'),
(70, 35, 35, 6, 12, 50000, 'SUCCESS', 'Auto toll deduction', '2025-05-02 08:25:00'),

(71, 36, 36, 8, 16, 35000, 'SUCCESS', 'Auto toll deduction', '2025-04-26 14:45:00'),
(72, 36, 36, 9, 17, 35000, 'SUCCESS', 'Auto toll deduction', '2025-05-03 10:25:00'),

(73, 37, 37, 7, 14, 35000, 'SUCCESS', 'Auto toll deduction', '2025-05-27 15:55:00'),
(74, 37, 37, 10, 18, 35000, 'SUCCESS', 'Auto toll deduction', '2025-05-05 13:05:00'),

(75, 38, 38, 5, 10, 35000, 'SUCCESS', 'Auto toll deduction', '2025-05-28 17:05:00'),
(76, 38, 38, 2, 4, 35000, 'SUCCESS', 'Auto toll deduction', '2025-05-06 14:55:00'),

(77, 39, 39, 7, 13, 35000, 'SUCCESS', 'Auto toll deduction', '2025-05-29 17:20:00'),
(78, 39, 39, 10, 20, 35000, 'SUCCESS', 'Auto toll deduction', '2025-05-08 15:35:00'),

(79, 40, 40, 5, 10, 35000, 'SUCCESS', 'Auto toll deduction', '2025-05-30 08:40:00'),
(80, 40, 40, 1, 2, 35000, 'FAILED_BALANCE', 'Insufficient balance', '2025-05-09 16:50:00');




INSERT INTO wallets (id, user_id, balance, is_blocked, created_at, updated_at) VALUES
(2,  2, 120000, false, '2025-01-01 08:00:00', '2025-01-04 11:20:00'),
(3,  3,  80000, false, '2025-01-01 08:00:00', '2025-01-05 09:10:00'),
(4,  4, 250000, false, '2025-01-01 08:00:00', '2025-01-06 13:45:00'),
(5,  5, 150000, false, '2025-01-01 08:00:00', '2025-01-07 15:30:00'),
(6,  6, 200000, false, '2025-01-01 08:00:00', '2025-01-08 16:20:00'),
(7,  7,  50000, false, '2025-01-01 08:00:00', '2025-01-09 17:00:00'),
(8,  8, 300000, false, '2025-01-01 08:00:00', '2025-01-10 08:30:00'),
(9,  9, 100000, false, '2025-01-01 08:00:00', '2025-01-11 09:55:00'),
(10,10, 400000, false, '2025-01-01 08:00:00', '2025-01-12 10:40:00'),
(11,11, 350000, false, '2025-01-01 08:00:00', '2025-01-13 11:00:00');



INSERT INTO topups
(id, amount, balance_after, bank_code, completed_at, created_at, description, method, pay_date, reference_code, status, transaction_no, vnp_response_code, user_id, wallet_id)
VALUES
(1, 300000, 300000, 'VCB', '2025-01-01 08:00:00', '2025-01-01 08:00:00', 'Initial topup', 'VNPAY', '2025-01-01 08:00:00', 'INIT-2', 'COMPLETED', 'TN2', '00', 2, 2),
(2, 300000, 300000, 'VCB', '2025-01-02 08:00:00', '2025-01-02 08:00:00', 'Initial topup', 'VNPAY', '2025-01-02 08:00:00', 'INIT-3', 'COMPLETED', 'TN3', '00', 3, 3),
(3, 300000, 300000, 'VCB', '2025-01-03 08:00:00', '2025-01-03 08:00:00', 'Initial topup', 'VNPAY', '2025-01-03 08:00:00', 'INIT-4', 'COMPLETED', 'TN4', '00', 4, 4),
(4, 300000, 300000, 'VCB', '2025-01-04 08:00:00', '2025-01-04 08:00:00', 'Initial topup', 'VNPAY', '2025-01-04 08:00:00', 'INIT-5', 'COMPLETED', 'TN5', '00', 5, 5),
(5, 300000, 300000, 'VCB', '2025-01-05 08:00:00', '2025-01-05 08:00:00', 'Initial topup', 'VNPAY', '2025-01-05 08:00:00', 'INIT-6', 'COMPLETED', 'TN6', '00', 6, 6),
(6, 300000, 300000, 'VCB', '2025-01-06 08:00:00', '2025-01-06 08:00:00', 'Initial topup', 'VNPAY', '2025-01-06 08:00:00', 'INIT-7', 'COMPLETED', 'TN7', '00', 7, 7),
(7, 300000, 300000, 'VCB', '2025-01-07 08:00:00', '2025-01-07 08:00:00', 'Initial topup', 'VNPAY', '2025-01-07 08:00:00', 'INIT-8', 'COMPLETED', 'TN8', '00', 8, 8),
(8, 300000, 300000, 'VCB', '2025-01-08 08:00:00', '2025-01-08 08:00:00', 'Initial topup', 'VNPAY', '2025-01-08 08:00:00', 'INIT-9', 'COMPLETED', 'TN9', '00', 9, 9),
(9, 300000, 300000, 'VCB', '2025-01-09 08:00:00', '2025-01-09 08:00:00', 'Initial topup', 'VNPAY', '2025-01-09 08:00:00', 'INIT-10', 'COMPLETED', 'TN10', '00', 10, 10),
(10, 300000, 300000, 'VCB', '2025-01-10 08:00:00', '2025-01-10 08:00:00', 'Initial topup', 'VNPAY', '2025-01-10 08:00:00', 'INIT-11', 'COMPLETED', 'TN11', '00', 11, 11);

INSERT INTO wallet_transactions
(id, amount, balance_after, created_at, description, transaction_type, related_toll_transaction_id, wallet_id)
VALUES
(1, 300000, 300000, '2025-01-01 08:00:00', 'Initial topup', 'TOPUP', NULL, 2),
(2, 300000, 300000, '2025-01-02 08:00:00', 'Initial topup', 'TOPUP', NULL, 3),
(3, 300000, 300000, '2025-01-03 08:00:00', 'Initial topup', 'TOPUP', NULL, 4),
(4, 300000, 300000, '2025-01-04 08:00:00', 'Initial topup', 'TOPUP', NULL, 5),
(5, 300000, 300000, '2025-01-05 08:00:00', 'Initial topup', 'TOPUP', NULL, 6),
(6, 300000, 300000, '2025-01-06 08:00:00', 'Initial topup', 'TOPUP', NULL, 7),
(7, 300000, 300000, '2025-01-07 08:00:00', 'Initial topup', 'TOPUP', NULL, 8),
(8, 300000, 300000, '2025-01-08 08:00:00', 'Initial topup', 'TOPUP', NULL, 9),
(9, 300000, 300000, '2025-01-09 08:00:00', 'Initial topup', 'TOPUP', NULL, 10),
(10, 300000, 300000, '2025-01-10 08:00:00', 'Initial topup', 'TOPUP', NULL, 11),


(11, 35000, 265000, '2025-01-01 09:00:00', 'Auto toll deduction', 'DEDUCT', 1, 11),
(12, 35000, 230000, '2025-01-03 10:20:00', 'Auto toll deduction', 'DEDUCT', 2, 11),

(13, 35000, 265000, '2025-01-02 09:40:00', 'Auto toll deduction', 'DEDUCT', 3, 2),

(14, 50000, 250000, '2025-01-03 10:25:00', 'Auto toll deduction', 'DEDUCT', 5, 3),
(15, 50000, 200000, '2025-01-06 10:40:00', 'Auto toll deduction', 'DEDUCT', 6, 3),

(16, 35000, 265000, '2025-01-04 11:40:00', 'Auto toll deduction', 'DEDUCT', 7, 4),
(17, 35000, 230000, '2025-01-06 13:25:00', 'Auto toll deduction', 'DEDUCT', 8, 4),

(18, 50000, 250000, '2025-01-05 12:45:00', 'Auto toll deduction', 'DEDUCT', 9, 5),
(19, 50000, 200000, '2025-01-08 17:10:00', 'Auto toll deduction', 'DEDUCT', 10, 5),

(20, 35000, 265000, '2025-01-06 09:10:00', 'Auto toll deduction', 'DEDUCT', 11, 7),
(21, 35000, 230000, '2025-01-09 14:00:00', 'Auto toll deduction', 'DEDUCT', 12, 7),

(22, 35000, 265000, '2025-01-07 10:15:00', 'Auto toll deduction', 'DEDUCT', 13, 8),

(23, 50000, 250000, '2025-01-08 11:00:00', 'Auto toll deduction', 'DEDUCT', 15, 9),
(24, 50000, 200000, '2025-01-11 12:10:00', 'Auto toll deduction', 'DEDUCT', 16, 9),

(25, 35000, 265000, '2025-01-09 11:40:00', 'Auto toll deduction', 'DEDUCT', 17, 10),
(26, 35000, 230000, '2025-01-12 18:45:00', 'Auto toll deduction', 'DEDUCT', 18, 10),

(27, 35000, 265000, '2025-01-10 12:40:00', 'Auto toll deduction', 'DEDUCT', 19, 6),
(28, 35000, 230000, '2025-01-13 14:30:00', 'Auto toll deduction', 'DEDUCT', 20, 6),

-- THÁNG 2
(29, 35000, 265000, '2025-02-01 08:20:00', 'Auto toll deduction', 'DEDUCT', 21, 3),
(30, 35000, 230000, '2025-02-05 10:40:00', 'Auto toll deduction', 'DEDUCT', 22, 3),

(31, 35000, 265000, '2025-02-02 09:30:00', 'Auto toll deduction', 'DEDUCT', 23, 3),

(32, 50000, 250000, '2025-02-03 10:40:00', 'Auto toll deduction', 'DEDUCT', 25, 4),
(33, 50000, 200000, '2025-02-10 13:00:00', 'Auto toll deduction', 'DEDUCT', 26, 4),

(34, 35000, 265000, '2025-02-04 11:50:00', 'Auto toll deduction', 'DEDUCT', 27, 4),
(35, 35000, 230000, '2025-02-09 09:30:00', 'Auto toll deduction', 'DEDUCT', 28, 4),

(36, 35000, 265000, '2025-02-05 13:05:00', 'Auto toll deduction', 'DEDUCT', 29, 5),
(37, 35000, 230000, '2025-02-12 14:25:00', 'Auto toll deduction', 'DEDUCT', 30, 5),

(38, 35000, 265000, '2025-02-06 14:10:00', 'Auto toll deduction', 'DEDUCT', 31, 5),
(39, 35000, 230000, '2025-02-15 08:40:00', 'Auto toll deduction', 'DEDUCT', 32, 5),

(40, 50000, 250000, '2025-02-07 14:20:00', 'Auto toll deduction', 'DEDUCT', 33, 3),
(41, 50000, 200000, '2025-02-13 16:20:00', 'Auto toll deduction', 'DEDUCT', 34, 3),

(42, 35000, 265000, '2025-02-08 15:30:00', 'Auto toll deduction', 'DEDUCT', 35, 5),
(43, 35000, 230000, '2025-02-18 18:00:00', 'Auto toll deduction', 'DEDUCT', 36, 5),

(44, 35000, 265000, '2025-02-09 16:35:00', 'Auto toll deduction', 'DEDUCT', 37, 3),
(45, 35000, 230000, '2025-02-20 10:00:00', 'Auto toll deduction', 'DEDUCT', 38, 3),

(46, 35000, 265000, '2025-02-10 17:45:00', 'Auto toll deduction', 'DEDUCT', 39, 3),
(47, 35000, 265000, '2025-03-11 08:20:00', 'Auto toll deduction', 'DEDUCT', 41, 3),
(48, 35000, 230000, '2025-03-14 10:50:00', 'Auto toll deduction', 'DEDUCT', 42, 3),
(49, 50000, 250000, '2025-03-12 09:35:00', 'Auto toll deduction', 'DEDUCT', 43, 4),
(50, 50000, 200000, '2025-03-16 12:55:00', 'Auto toll deduction', 'DEDUCT', 44, 4),
(51, 35000, 165000, '2025-03-13 10:45:00', 'Auto toll deduction', 'DEDUCT', 45, 4),

(52, 35000, 265000, '2025-03-14 11:55:00', 'Auto toll deduction', 'DEDUCT', 47, 4),
(53, 35000, 230000, '2025-03-20 17:45:00', 'Auto toll deduction', 'DEDUCT', 48, 4),

(54, 50000, 150000, '2025-03-15 13:05:00', 'Auto toll deduction', 'DEDUCT', 49, 5),
(55, 50000, 100000, '2025-03-23 09:10:00', 'Auto toll deduction', 'DEDUCT', 50, 5),

(56, 35000, 195000, '2025-03-16 14:10:00', 'Auto toll deduction', 'DEDUCT', 51, 4),
(57, 35000, 160000, '2025-03-24 14:50:00', 'Auto toll deduction', 'DEDUCT', 52, 4),

(58, 35000, 265000, '2025-03-17 14:20:00', 'Auto toll deduction', 'DEDUCT', 53, 5),
(59, 35000, 230000, '2025-03-22 11:40:00', 'Auto toll deduction', 'DEDUCT', 54, 5),

(60, 35000, 265000, '2025-03-18 15:28:00', 'Auto toll deduction', 'DEDUCT', 55, 3),
(61, 35000, 230000, '2025-03-26 16:55:00', 'Auto toll deduction', 'DEDUCT', 56, 3),

(62, 35000, 265000, '2025-03-19 16:40:00', 'Auto toll deduction', 'DEDUCT', 57, 3),
(63, 35000, 230000, '2025-03-29 13:20:00', 'Auto toll deduction', 'DEDUCT', 58, 3),

(64, 35000, 195000, '2025-03-20 17:45:00', 'Auto toll deduction', 'DEDUCT', 59, 4),
(65, 35000, 160000, '2025-03-30 10:35:00', 'Auto toll deduction', 'DEDUCT', 60, 4),

(66, 50000, 110000, '2025-03-21 09:00:00', 'Auto toll deduction', 'DEDUCT', 61, 4),
(67, 50000, 60000,  '2025-03-28 11:40:00', 'Auto toll deduction', 'DEDUCT', 62, 4),

(68, 35000, 125000, '2025-03-22 10:10:00', 'Auto toll deduction', 'DEDUCT', 63, 4),
(69, 35000, 90000,  '2025-03-27 15:55:00', 'Auto toll deduction', 'DEDUCT', 64, 4),

(70, 35000, 55000,  '2025-03-23 11:25:00', 'Auto toll deduction', 'DEDUCT', 65, 4),
(71, 35000, 20000,  '2025-03-29 17:10:00', 'Auto toll deduction', 'DEDUCT', 66, 4),

(72, 35000, 265000, '2025-03-24 12:25:00', 'Auto toll deduction', 'DEDUCT', 67, 5),
(73, 35000, 230000, '2025-03-30 18:45:00', 'Auto toll deduction', 'DEDUCT', 68, 5),

(74, 50000, 180000, '2025-03-25 13:35:00', 'Auto toll deduction', 'DEDUCT', 69, 5),
(75, 50000, 130000, '2025-04-02 08:25:00', 'Auto toll deduction', 'DEDUCT', 70, 5),

(76, 35000, 265000, '2025-03-26 14:45:00', 'Auto toll deduction', 'DEDUCT', 71, 3),
(77, 35000, 230000, '2025-04-03 10:25:00', 'Auto toll deduction', 'DEDUCT', 72, 3),

(78, 35000, 195000, '2025-03-27 15:55:00', 'Auto toll deduction', 'DEDUCT', 73, 3),
(79, 35000, 160000, '2025-04-05 13:05:00', 'Auto toll deduction', 'DEDUCT', 74, 3),

(80, 35000, 125000, '2025-03-28 17:05:00', 'Auto toll deduction', 'DEDUCT', 75, 3),
(81, 35000, 90000,  '2025-04-06 14:55:00', 'Auto toll deduction', 'DEDUCT', 76, 3),

(82, 35000, 55000,  '2025-03-29 17:20:00', 'Auto toll deduction', 'DEDUCT', 77, 3),
(83, 35000, 20000,  '2025-04-08 15:35:00', 'Auto toll deduction', 'DEDUCT', 78, 3),

(84, 35000, 265000, '2025-03-30 08:40:00', 'Auto toll deduction', 'DEDUCT', 79, 3)

